title,content,tags
AI in Healthcare 1,Artificial intelligence is transforming healthcare and improving medical diagnosis using machine learning.,AI;Healthcare
Deep Learning Basics 1,Deep learning models like neural networks are widely used in AI applications.,AI;Programming
Python for Beginners 1,Python is a beginner friendly programming language used for automation and data science.,Python;Programming
Web Development Guide 1,HTML CSS and JavaScript are essential technologies for modern web development.,Web;Programming
Healthy Diet Tips 1,Eating fruits vegetables and maintaining a balanced diet improves overall health.,Health;Lifestyle
Fitness and Exercise 1,Regular physical exercise helps maintain fitness and reduces health risks.,Health;Lifestyle
Stock Market Investing 1,Investing in the stock market requires financial planning and risk management.,Finance;Investment
Personal Finance Basics 1,Budgeting saving and smart investments are key to personal finance management.,Finance;Investment
Cloud Computing Overview 1,Cloud platforms provide scalable infrastructure for modern applications.,Cloud;Technology
Cybersecurity Awareness 1,Cybersecurity practices protect systems from malware and cyber attacks.,Security;Technology
AI in Healthcare 2,Artificial intelligence is transforming healthcare and improving medical diagnosis using machine learning.,AI;Healthcare
Deep Learning Basics 2,Deep learning models like neural networks are widely used in AI applications.,AI;Programming
Python for Beginners 2,Python is a beginner friendly programming language used for automation and data science.,Python;Programming
Web Development Guide 2,HTML CSS and JavaScript are essential technologies for modern web development.,Web;Programming
Healthy Diet Tips 2,Eating fruits vegetables and maintaining a balanced diet improves overall health.,Health;Lifestyle
Fitness and Exercise 2,Regular physical exercise helps maintain fitness and reduces health risks.,Health;Lifestyle
Stock Market Investing 2,Investing in the stock market requires financial planning and risk management.,Finance;Investment
Personal Finance Basics 2,Budgeting saving and smart investments are key to personal finance management.,Finance;Investment
Cloud Computing Overview 2,Cloud platforms provide scalable infrastructure for modern applications.,Cloud;Technology
Cybersecurity Awareness 2,Cybersecurity practices protect systems from malware and cyber attacks.,Security;Technology
AI in Healthcare 3,Artificial intelligence is transforming healthcare and improving medical diagnosis using machine learning.,AI;Healthcare
Deep Learning Basics 3,Deep learning models like neural networks are widely used in AI applications.,AI;Programming
Python for Beginners 3,Python is a beginner friendly programming language used for automation and data science.,Python;Programming
Web Development Guide 3,HTML CSS and JavaScript are essential technologies for modern web development.,Web;Programming
Healthy Diet Tips 3,Eating fruits vegetables and maintaining a balanced diet improves overall health.,Health;Lifestyle
Fitness and Exercise 3,Regular physical exercise helps maintain fitness and reduces health risks.,Health;Lifestyle
Stock Market Investing 3,Investing in the stock market requires financial planning and risk management.,Finance;Investment
Personal Finance Basics 3,Budgeting saving and smart investments are key to personal finance management.,Finance;Investment
Cloud Computing Overview 3,Cloud platforms provide scalable infrastructure for modern applications.,Cloud;Technology
Cybersecurity Awareness 3,Cybersecurity practices protect systems from malware and cyber attacks.,Security;Technology
AI in Healthcare 4,Artificial intelligence is transforming healthcare and improving medical diagnosis using machine learning.,AI;Healthcare
Deep Learning Basics 4,Deep learning models like neural networks are widely used in AI applications.,AI;Programming
Python for Beginners 4,Python is a beginner friendly programming language used for automation and data science.,Python;Programming
Web Development Guide 4,HTML CSS and JavaScript are essential technologies for modern web development.,Web;Programming
Healthy Diet Tips 4,Eating fruits vegetables and maintaining a balanced diet improves overall health.,Health;Lifestyle
Fitness and Exercise 4,Regular physical exercise helps maintain fitness and reduces health risks.,Health;Lifestyle
Stock Market Investing 4,Investing in the stock market requires financial planning and risk management.,Finance;Investment
Personal Finance Basics 4,Budgeting saving and smart investments are key to personal finance management.,Finance;Investment
Cloud Computing Overview 4,Cloud platforms provide scalable infrastructure for modern applications.,Cloud;Technology
Cybersecurity Awareness 4,Cybersecurity practices protect systems from malware and cyber attacks.,Security;Technology
AI in Healthcare 5,Artificial intelligence is transforming healthcare and improving medical diagnosis using machine learning.,AI;Healthcare
Deep Learning Basics 5,Deep learning models like neural networks are widely used in AI applications.,AI;Programming
Python for Beginners 5,Python is a beginner friendly programming language used for automation and data science.,Python;Programming
Web Development Guide 5,HTML CSS and JavaScript are essential technologies for modern web development.,Web;Programming
Healthy Diet Tips 5,Eating fruits vegetables and maintaining a balanced diet improves overall health.,Health;Lifestyle
Fitness and Exercise 5,Regular physical exercise helps maintain fitness and reduces health risks.,Health;Lifestyle
Stock Market Investing 5,Investing in the stock market requires financial planning and risk management.,Finance;Investment
Personal Finance Basics 5,Budgeting saving and smart investments are key to personal finance management.,Finance;Investment
Cloud Computing Overview 5,Cloud platforms provide scalable infrastructure for modern applications.,Cloud;Technology
Cybersecurity Awareness 5,Cybersecurity practices protect systems from malware and cyber attacks.,Security;Technology
AI in Healthcare 6,Artificial intelligence is transforming healthcare and improving medical diagnosis using machine learning.,AI;Healthcare
Deep Learning Basics 6,Deep learning models like neural networks are widely used in AI applications.,AI;Programming
Python for Beginners 6,Python is a beginner friendly programming language used for automation and data science.,Python;Programming
Web Development Guide 6,HTML CSS and JavaScript are essential technologies for modern web development.,Web;Programming
Healthy Diet Tips 6,Eating fruits vegetables and maintaining a balanced diet improves overall health.,Health;Lifestyle
Fitness and Exercise 6,Regular physical exercise helps maintain fitness and reduces health risks.,Health;Lifestyle
Stock Market Investing 6,Investing in the stock market requires financial planning and risk management.,Finance;Investment
Personal Finance Basics 6,Budgeting saving and smart investments are key to personal finance management.,Finance;Investment
Cloud Computing Overview 6,Cloud platforms provide scalable infrastructure for modern applications.,Cloud;Technology
Cybersecurity Awareness 6,Cybersecurity practices protect systems from malware and cyber attacks.,Security;Technology
AI in Healthcare 7,Artificial intelligence is transforming healthcare and improving medical diagnosis using machine learning.,AI;Healthcare
Deep Learning Basics 7,Deep learning models like neural networks are widely used in AI applications.,AI;Programming
Python for Beginners 7,Python is a beginner friendly programming language used for automation and data science.,Python;Programming
Web Development Guide 7,HTML CSS and JavaScript are essential technologies for modern web development.,Web;Programming
Healthy Diet Tips 7,Eating fruits vegetables and maintaining a balanced diet improves overall health.,Health;Lifestyle
Fitness and Exercise 7,Regular physical exercise helps maintain fitness and reduces health risks.,Health;Lifestyle
Stock Market Investing 7,Investing in the stock market requires financial planning and risk management.,Finance;Investment
Personal Finance Basics 7,Budgeting saving and smart investments are key to personal finance management.,Finance;Investment
Cloud Computing Overview 7,Cloud platforms provide scalable infrastructure for modern applications.,Cloud;Technology
Cybersecurity Awareness 7,Cybersecurity practices protect systems from malware and cyber attacks.,Security;Technology
AI in Healthcare 8,Artificial intelligence is transforming healthcare and improving medical diagnosis using machine learning.,AI;Healthcare
Deep Learning Basics 8,Deep learning models like neural networks are widely used in AI applications.,AI;Programming
Python for Beginners 8,Python is a beginner friendly programming language used for automation and data science.,Python;Programming
Web Development Guide 8,HTML CSS and JavaScript are essential technologies for modern web development.,Web;Programming
Healthy Diet Tips 8,Eating fruits vegetables and maintaining a balanced diet improves overall health.,Health;Lifestyle
Fitness and Exercise 8,Regular physical exercise helps maintain fitness and reduces health risks.,Health;Lifestyle
Stock Market Investing 8,Investing in the stock market requires financial planning and risk management.,Finance;Investment
Personal Finance Basics 8,Budgeting saving and smart investments are key to personal finance management.,Finance;Investment
Cloud Computing Overview 8,Cloud platforms provide scalable infrastructure for modern applications.,Cloud;Technology
Cybersecurity Awareness 8,Cybersecurity practices protect systems from malware and cyber attacks.,Security;Technology
AI in Healthcare 9,Artificial intelligence is transforming healthcare and improving medical diagnosis using machine learning.,AI;Healthcare
Deep Learning Basics 9,Deep learning models like neural networks are widely used in AI applications.,AI;Programming
Python for Beginners 9,Python is a beginner friendly programming language used for automation and data science.,Python;Programming
Web Development Guide 9,HTML CSS and JavaScript are essential technologies for modern web development.,Web;Programming
Healthy Diet Tips 9,Eating fruits vegetables and maintaining a balanced diet improves overall health.,Health;Lifestyle
Fitness and Exercise 9,Regular physical exercise helps maintain fitness and reduces health risks.,Health;Lifestyle
Stock Market Investing 9,Investing in the stock market requires financial planning and risk management.,Finance;Investment
Personal Finance Basics 9,Budgeting saving and smart investments are key to personal finance management.,Finance;Investment
Cloud Computing Overview 9,Cloud platforms provide scalable infrastructure for modern applications.,Cloud;Technology
Cybersecurity Awareness 9,Cybersecurity practices protect systems from malware and cyber attacks.,Security;Technology
AI in Healthcare 10,Artificial intelligence is transforming healthcare and improving medical diagnosis using machine learning.,AI;Healthcare
Deep Learning Basics 10,Deep learning models like neural networks are widely used in AI applications.,AI;Programming
Python for Beginners 10,Python is a beginner friendly programming language used for automation and data science.,Python;Programming
Web Development Guide 10,HTML CSS and JavaScript are essential technologies for modern web development.,Web;Programming
Healthy Diet Tips 10,Eating fruits vegetables and maintaining a balanced diet improves overall health.,Health;Lifestyle
Fitness and Exercise 10,Regular physical exercise helps maintain fitness and reduces health risks.,Health;Lifestyle
Stock Market Investing 10,Investing in the stock market requires financial planning and risk management.,Finance;Investment
Personal Finance Basics 10,Budgeting saving and smart investments are key to personal finance management.,Finance;Investment
Cloud Computing Overview 10,Cloud platforms provide scalable infrastructure for modern applications.,Cloud;Technology
Cybersecurity Awareness 10,Cybersecurity practices protect systems from malware and cyber attacks.,Security;Technology
AI in Healthcare 11,Artificial intelligence is transforming healthcare and improving medical diagnosis using machine learning.,AI;Healthcare
Deep Learning Basics 11,Deep learning models like neural networks are widely used in AI applications.,AI;Programming
Python for Beginners 11,Python is a beginner friendly programming language used for automation and data science.,Python;Programming
Web Development Guide 11,HTML CSS and JavaScript are essential technologies for modern web development.,Web;Programming
Healthy Diet Tips 11,Eating fruits vegetables and maintaining a balanced diet improves overall health.,Health;Lifestyle
Fitness and Exercise 11,Regular physical exercise helps maintain fitness and reduces health risks.,Health;Lifestyle
Stock Market Investing 11,Investing in the stock market requires financial planning and risk management.,Finance;Investment
Personal Finance Basics 11,Budgeting saving and smart investments are key to personal finance management.,Finance;Investment
Cloud Computing Overview 11,Cloud platforms provide scalable infrastructure for modern applications.,Cloud;Technology
Cybersecurity Awareness 11,Cybersecurity practices protect systems from malware and cyber attacks.,Security;Technology
AI in Healthcare 12,Artificial intelligence is transforming healthcare and improving medical diagnosis using machine learning.,AI;Healthcare
Deep Learning Basics 12,Deep learning models like neural networks are widely used in AI applications.,AI;Programming
Python for Beginners 12,Python is a beginner friendly programming language used for automation and data science.,Python;Programming
Web Development Guide 12,HTML CSS and JavaScript are essential technologies for modern web development.,Web;Programming
Healthy Diet Tips 12,Eating fruits vegetables and maintaining a balanced diet improves overall health.,Health;Lifestyle
Fitness and Exercise 12,Regular physical exercise helps maintain fitness and reduces health risks.,Health;Lifestyle
Stock Market Investing 12,Investing in the stock market requires financial planning and risk management.,Finance;Investment
Personal Finance Basics 12,Budgeting saving and smart investments are key to personal finance management.,Finance;Investment
Cloud Computing Overview 12,Cloud platforms provide scalable infrastructure for modern applications.,Cloud;Technology
Cybersecurity Awareness 12,Cybersecurity practices protect systems from malware and cyber attacks.,Security;Technology
